index,user,name.first,name.last,email,address,cc_num,cc_month,cc_year,cc_security,password,Client Session Group
1,Arnold,Arnold,actual,actual,actual,180098179107050270,7,26,660,Summer123!,47829696
7,Arnold,Arnold,actual,actual,actual,180098179107050270,7,26,660,Summer123!,75629502
13,Arnold,Arnold,actual,actual,actual,180098179107050270,7,26,660,Summer123!,62981988
19,Arnold,Arnold,actual,actual,actual,180098179107050270,7,26,660,Summer123!,99239641
25,Arnold,Arnold,actual,actual,actual,180098179107050270,7,26,660,Summer123!,95521006
31,Arnold,Arnold,Reynolds,alicia.reynolds@example.com,"1528 N Stelling Rd, Antioch, New Mexico, 67762",3454752443846739,12,25,415,Summer123!,92913167
37,Arnold,Arnold,Peck,christopher.peck@example.com,"8537 Royal Ln, Vernon, New Jersey, 25104",3025181423804478,5,26,960,Summer123!,7361069
43,Arnold,Arnold,Bell,felecia.bell@example.com,"4675 Hogan St, Victorville, New York, 73170",54292875776186904,11,23,799,Summer123!,77354846
49,Arnold,Arnold,Hernandez,linda.hernandez@example.com,"9316 Hamilton Ave, Rockford, Maryland, 29598",4186823172252083,3,29,685,Summer123!,55234539
55,Arnold,Arnold,Garza,sofia.garza@example.com,"5372 Timber Wolf Trail, Killeen, Ohio, 31146",676207104135004,10,26,903,Summer123!,69085394
2,Bernard,Bernard,actual,actual,actual,4548743771127804,1,23,426,Summer123!,63691684
8,Bernard,Bernard,actual,actual,actual,4548743771127804,1,23,426,Summer123!,31320854
14,Bernard,Bernard,actual,actual,actual,4548743771127804,1,23,426,Summer123!,99115562
20,Bernard,Bernard,actual,actual,actual,4548743771127804,1,23,426,Summer123!,43645963
26,Bernard,Bernard,actual,actual,actual,4548743771127804,1,23,426,Summer123!,57769469
32,Bernard,Bernard,Simpson,amelia.simpson@example.com,"5054 Cherry St, Flowermound, Ohio, 75496",4534152088531649,10,25,161,Summer123!,26151014
38,Bernard,Bernard,Meyer,cindy.meyer@example.com,"9726 Camden Ave, Overland Park, Wisconsin, 15561",3528901312162749400,2,24,334,Summer123!,80526374
44,Bernard,Bernard,Soto,frank.soto@example.com,"221 Locust Rd, Wilmington, Connecticut, 36841",676306494595389,12,27,473,Summer123!,20396922
50,Bernard,Bernard,Sanders,lori.sanders@example.com,"3393 W Dallas St, Winstonâ€“Salem, Hawaii, 15996",3035194242794770,5,24,418,Summer123!,96026476
56,Bernard,Bernard,Lynch,stephen.lynch@example.com,"1026 Stevens Creek Blvd, Victorville, Utah, 95993",1.8008014207038598e+17,6,24,160,Summer123!,6136989
3,Charles,Charles,actual,actual,actual,4953405338036062,8,29,695,Summer123!,70319959
9,Charles,Charles,actual,actual,actual,4953405338036062,8,29,695,Summer123!,24186470
15,Charles,Charles,actual,actual,actual,4953405338036062,8,29,695,Summer123!,98666584
21,Charles,Charles,actual,actual,actual,4953405338036062,8,29,695,Summer123!,67179600
27,Charles,Charles,actual,actual,actual,4953405338036062,8,29,695,Summer123!,71282205
33,Charles,Charles,Allen,andrew.allen@example.com,"7876 W Sherman Dr, Rialto, Connecticut, 23006",4495761297531591,10,26,293,Summer123!,11373995
39,Charles,Charles,Myers,clara.myers@example.com,"7575 Ash Dr, Chandler, Arizona, 24507",210049725702472320,3,27,579,Summer123!,11735094
45,Charles,Charles,Kelly,jacqueline.kelly@example.com,"1230 E Center St, Paterson, Texas, 97941",52483384606330890,11,26,504,Summer123!,36553401
51,Charles,Charles,Carter,lucille.carter@example.com,"8602 Cherry St, Waterbury, West Virginia, 49597",210058654829335260,3,23,598,Summer123!,69862002
57,Charles,Charles,Hall,tamara.hall@example.com,"3253 Daisy Dr, Tacoma, Oregon, 56530",561291377922223,9,29,512,Summer123!,75298995
4,David,David,actual,actual,actual,4528434235794355,7,28,132,Summer123!,27822106
10,David,David,actual,actual,actual,4528434235794355,7,28,132,Summer123!,33643170
16,David,David,actual,actual,actual,4528434235794355,7,28,132,Summer123!,37672251
22,David,David,actual,actual,actual,4528434235794355,7,28,132,Summer123!,6455365
28,David,David,actual,actual,actual,4528434235794355,7,28,132,Summer123!,22348149
34,David,David,Matthews,bradley.matthews@example.com,"321 College St, Houston, Kansas, 89099",51383654998512390,4,25,777,Summer123!,29174266
40,David,David,Mckinney,diana.mckinney@example.com,"7409 Washington Ave, Eugene, North Carolina, 58739",869929796312996200,7,27,452,Summer123!,64435211
46,David,David,Fields,johnni.fields@example.com,"3688 Oak Lawn Ave, Kansas City, Illinois, 93900",3088585836394322400,1,27,633,Summer123!,80133055
52,David,David,Ramos,renee.ramos@example.com,"2600 Cackson St, Bozeman, Wisconsin, 37830",3781888658433081,10,28,502,Summer123!,52719395
58,David,David,Martin,tonya.martin@example.com,"4407 Wheeler Ridge Dr, Lansing, South Dakota, 76398",3039614643299661,11,23,245,Summer123!,49206998
5,Eric,Eric,actual,actual,actual,4565560155430648,1,28,357,Summer123!,47249469
11,Eric,Eric,actual,actual,actual,4565560155430648,1,28,357,Summer123!,73449257
17,Eric,Eric,actual,actual,actual,4565560155430648,1,28,357,Summer123!,98920046
23,Eric,Eric,actual,actual,actual,4565560155430648,1,28,357,Summer123!,90200985
29,Eric,Eric,actual,actual,actual,4565560155430648,1,28,357,Summer123!,8215655
35,Eric,Eric,Burke,brandon.burke@example.com,"9416 Hunters Creek Dr, Brownsville, Georgia, 63919",869960362164784400,7,25,641,Summer123!,24850428
41,Eric,Eric,Hansen,doris.hansen@example.com,"4004 Dogwood Ave, Medford, Idaho, 57117",3024447474388682,9,26,311,Summer123!,92349043
47,Eric,Eric,Ward,kyle.ward@example.com,"6981 W 6th St, West Jordan, Connecticut, 12498",180019590955743650,8,23,938,Summer123!,41132968
53,Eric,Eric,Riley,sharlene.riley@example.com,"4485 Thornridge Cir, New Haven, West Virginia, 88412",869989558745079400,7,25,118,Summer123!,66089135
59,Eric,Eric,Pena,tracy.pena@example.com,"6500 Pockrus Page Rd, Green Bay, Hawaii, 78276",675937038000362,7,29,975,Summer123!,86953121
6,Frank,Frank,actual,actual,actual,3088912758901703e3,1,26,524,Summer123!,49065918
12,Frank,Frank,actual,actual,actual,3088912758901703e3,1,26,524,Summer123!,66925421
18,Frank,Frank,actual,actual,actual,3088912758901703e3,1,26,524,Summer123!,46796470
24,Frank,Frank,actual,actual,actual,3088912758901703e3,1,26,524,Summer123!,99564560
30,Frank,Frank,actual,actual,actual,3088912758901703e3,1,26,524,Summer123!,94454555
36,Frank,Frank,Jones,charlene.jones@example.com,"6351 Spring Hill Rd, Flint, Alabama, 99628",3421399904727212,8,28,607,Summer123!,7937433
42,Frank,Frank,Bennett,elizabeth.bennett@example.com,"1766 Robinson Rd, Garden Grove, California, 47528",52702155938486944,9,29,951,Summer123!,98202857
48,Frank,Frank,Brown,leonard.brown@example.com,"9381 W Dallas St, Cape Fear, Missouri, 84673",561250777644829,10,28,257,Summer123!,32848205
54,Frank,Frank,Rose,sherri.rose@example.com,"1206 Locust Rd, Nampa, Massachusetts, 52002",4228263488832,2,26,387,Summer123!,50657367
60,Frank,Frank,Kennedy,zachary.kennedy@example.com,"8625 Taylor St, Portland, Idaho, 16839",52965891715566304,9,23,950,Summer123!,44866482
